{"stats":{"minecraft:picked_up":{"integrateddynamics:on_the_dynamics_of_integration":1,"minecraft:spruce_log":12},"minecraft:custom":{"minecraft:time_since_rest":8952,"minecraft:crouch_one_cm":24,"minecraft:sprint_one_cm":1370,"minecraft:play_time":8952,"minecraft:damage_taken":30,"minecraft:walk_one_cm":5892,"minecraft:sneak_time":53,"minecraft:walk_under_water_one_cm":92,"minecraft:jump":26,"minecraft:leave_game":3,"minecraft:walk_on_water_one_cm":495,"minecraft:time_since_death":8952,"minecraft:total_world_time":8952,"minecraft:interact_with_crafting_table":1,"minecraft:fall_one_cm":569,"minecraft:fly_one_cm":1848},"minecraft:mined":{"minecraft:spruce_log":12,"minecraft:spruce_leaves":5},"minecraft:crafted":{"minecraft:crafting_table":1,"minecraft:spruce_planks":48,"minecraft:stick":4,"minecraft:wooden_axe":1},"minecraft:used":{"minecraft:wooden_axe":12,"minecraft:crafting_table":1,"alexsmobs:animal_dictionary":1}},"DataVersion":3465}